,username,tweets
0,nothingbutcard,2019 Panini Origins Kyler Murray Rookie RC On Card AUTO /99 ARIZONA CARDINALS  #thehobby #ad  https://t.co/So3GRaT5Qv
1,BenScottStevens,"Here‚Äôs what we know:

The Arizona Cardinals currently hold the No. 3 pick in the 2023 NFL Draft.

Anthony Richardso‚Ä¶ https://t.co/Fk9fDVPYQz"
2,NotToBeTrite,Arizona Cardinals have coin operated treadmills
3,NFLMocks,"The #Cardinals find themselves in a precarious position. At No. 3 overall, Arizona could select a building block on‚Ä¶ https://t.co/uovh8ySRDm"
4,pcklsiam,zero confidence the Arizona Cardinals execute these new unis
5,CardinalsViews,"Red Sea Report - Kyler Murray Ready For Opener, DeAndre Hopkins Extended #CardinalsPodcast #CardinalsFootball‚Ä¶ https://t.co/A2DlDfXSup"
6,NationalFootb19,"Drew Sample works out for Cardinals
#Arizona_Cardinals, #Cincinnati_Bengals, #Home, #Rumor_Mill #NFL‚Ä¶ https://t.co/WX5fbzyuFd"
7,CardinalsViews,"Cardinals build culture, bodies with offseason workouts underway #BeRedSeeRed #BirdCityFootball #CardinalsNation https://t.co/bGdocW5GJV"
8,heartbeatmap,"Vote &amp; up ranking 'Arizona Diamondbacks at St. Louis Cardinals' at Busch Stadium' on Apr 19, 2023 .‚Ä¶ https://t.co/JeR1vUUBiZ"
9,JohnnyVenerable,"Which positions are the Arizona Cardinals prioritizing within their top 30 visits?  

Are the Cards committed to ta‚Ä¶ https://t.co/p7Z2SLZBXd"
10,AZSportsHistory,"4/13/01 ‚Äì The St. Louis Rams made a ""handsome"" offer to pry Pat Tillman away from the Arizona Cardinals, but he ""qu‚Ä¶ https://t.co/uJcgtK9cBf"
11,replay_madness,Cardinals' draft dilemma: Stay at No. 3 for best prospect or trade down - Arizona Cardinals Blog -‚Ä¶ https://t.co/OpQJXen1Gh
12,BoBrack,"The reality of the Arizona Cardinals trading the 3rd overall pick and DeAndre Hopkins.

Forecasting what the Cards‚Ä¶ https://t.co/GTCksEUlbJ"
13,afern_alex,@FanDuel Any answer that's not the Arizona Cardinals is wrong
14,TheAthletic,"Between now and draft night, how many other top-10 picks do you think will be traded?

""Arizona will get inundated‚Ä¶ https://t.co/2qp7N8IL6d"
15,BaruchRr,@azogueray For a second I thought you were talking about the Arizona Cardinals üòÖ https://t.co/BV49zU6vI2
16,CardinalsViews,Cardinals draft picks 2023: Full list of Arizona‚Äôs draft picks for every round #ArizonaCardinals #Cardinals #AZ‚Ä¶ https://t.co/iuYmC9MZyU
17,CardinalsViews,Cardinals draft picks 2023: Full list of Arizona‚Äôs draft picks for every round #BeRedSeeRed #BirdCityFootball‚Ä¶ https://t.co/oxGQAOaeeX
18,KolJedi,@woodyjohnson4 So the Arizona cardinals
19,chrokee69,@WagerWire Moving the football Cardinals to Arizona
20,fantasysportsso,Cardinals draft picks 2023: Full list of Arizona‚Äôs draft picks for every round https://t.co/iuqpMmurnt https://t.co/NYbdAFzNTM
21,Randy84Retires,Cardinals' draft dilemma: Stay at No. 3 for best prospect or trade down https://t.co/jK1wKNd0Rr https://t.co/bXAYA2FrQ2
22,SchwartziesS,Cardinals' draft dilemma: Stay at No. 3 for best prospect or trade down https://t.co/nusJ5w6VET #schwartziessports‚Ä¶ https://t.co/zBTTzTSh7F
23,RickJ369,"7-4 MLB yesterday 4/12

‚úÖ Astros F5
‚úÖ Mets F5 
‚ùå Cubs F5
‚úÖ Nationals F5
‚ùå Orioles F5
‚úÖ Rays F5
‚úÖ Rays score first
‚úÖ‚Ä¶ https://t.co/iZsIjcIKOB"
24,nickschreck,"Via ESPN - #ESPN #NFL #FantasyFootball ""Cardinals' draft dilemma: Stay at No. 3 for best prospect or trade down"" https://t.co/hKoaxqToWU"
25,CardinalsViews,Cardinals' draft dilemma: Stay at No. 3 for best prospect or trade down #ArizonaCardinals #Cardinals #AZ‚Ä¶ https://t.co/wsZIDQRJcK
26,LetsTalkFF,"""Cardinals' draft dilemma: Stay at No. 3 for best prospect or trade down"" https://t.co/3rnYgCEhYg via @ESPN #NFL #ESPN #NFLNews"
27,TomSwee88334666,@RonFilipkowski And I was just signed with the Arizona cardinals as a defensive back. All 130 pounds of me.
28,sportssemmoutis,7.) New information reports that Arizona Cardinals owner reportedly used burner phones to communicate information h‚Ä¶ https://t.co/IVAL55Owam
29,CardinalsViews,Should Arizona Cardinals Trade Third Pick in 2023 NFL Draft? #ArizonaCardinals #Cardinals #AZ #AZCardinals #yahoo https://t.co/o7snFz0QHe
30,PatriotsViews,2023 NFL Draft: Which Teams Could Target the No. 3 Pick From the Arizona Cardinals? #PatsNation #ForeverNE‚Ä¶ https://t.co/DUB0EXAFph
31,raw_chili,"Day off Mock Draft 
 
https://t.co/0m6JrZdqnR
 
#Arizona #ArizonaCardinals #Cardinals #Football #Glendale‚Ä¶ https://t.co/8LHrOdHUNO"
32,PatriotsViews,No OBJ; Patriots Still Focused on DeAndre Hopkins? #PatsNation #ForeverNE #GoPatriots #Pats #GoPats https://t.co/eYrHBWB3d5
33,CardinalsViews,"Phase 1 begins, Ron Minegar info, 1st-round options and EDGE/DL preview #CardinalsPodcast #BeRedSeeRed‚Ä¶ https://t.co/l6cVT4wBcR"
34,zemlakfsrh,"PICNIC TIME Black Arizona Cardinals Pranzo Lunch Tote YFBQ6AB

https://t.co/nmHOffLzOh"
35,DynoGameTheory,"Top 10 RB Landing spots 

1. Philadelphia Eagles 
2. Cincinnati Bengals 
3. Buffalo Bills 
4. Kansas City Chiefs 
5‚Ä¶ https://t.co/zsa1UhQIr5"
36,NFLTradeNews,"The New York Jets have ""shown interest"" in Arizona Cardinals DeAndre Hopkins. https://t.co/m6IrqFpImk"
37,Cards_Wire,This edition of the podcast begins to prepare for the NFL draft for the Arizona Cardinals.  https://t.co/yxVFEuHPHS
38,riseupseered,"üì£ New Podcast! ""Phase 1 begins, Ron Minegar info, 1st-round options and EDGE/DL preview"" on @Spreaker #azcardinals‚Ä¶ https://t.co/Rbk8AXFPme"
39,nflrums,"The New York Jets have ""shown interest"" in Arizona Cardinals DeAndre Hopkins. https://t.co/fHIxntMuDX"
40,CardinalsViews,Auburn running back Tank Bigsby visits Arizona Cardinals #CardinalsFootball #BirdCityFootball #RiseUpRedSea https://t.co/t77rWkHoK4
41,CollectingAll,‚àÄ Kyler Murray Signed Arizona Cardinals Riddell Speed Mini Helmet | $673.99 | @CardboardEchoes @HiveRetweets‚Ä¶ https://t.co/rWwZSUntdw
42,DesignsMitchin,"Check out this product üòç Arizona Cardinals wall art üòç 
by Mitchin Design Woodworks starting at $45.00. 
Shop now üëâüëâ‚Ä¶ https://t.co/5p42MHEMTe"
43,Arizona_Sports_,Coming Soon #Arizona #Cardinals #NFL Video: https://t.co/DRgkSxCXdQ
44,fix_newspeak,"Another former Cardinals executive weighs in on Michael Bidwill, supporting misconduct claims - The Arizona Republi‚Ä¶ https://t.co/FXNDzntXua"
45,LandonAshby_,"@everydaymffl I do. He was probably 2nd best player on that team, worse in tourney. Barely did anything at all in t‚Ä¶ https://t.co/HtGu6dgESj"
46,CARDINALSonSP,Auburn running back Tank Bigsby visits Arizona Cardinals https://t.co/Xr7NBv3voC
47,CoralCotton13,"Arizona Cardinals DeAndre Hopkins White Game Jersey
https://t.co/eV8Mpcbl6K"
48,CARDINALSpeeps,Auburn running back Tank Bigsby visits Arizona Cardinals https://t.co/LXmXsuKF8P
49,Lynnesia,"@OdysseusMsu The Arizona Cardinals are worse historically, they haven‚Äôt won‚Äôt a championship since World War Two."
50,24lakers18,"I really believe the Cardinals are getting ready to go on a serious Winning Streak, they got Pittsburgh and Arizona‚Ä¶ https://t.co/z2JPj991Uk"
51,revengeofbirds,Auburn running back Tank Bigsby visits Arizona Cardinals https://t.co/VL4wXSe5R1
52,RaisingZona,"Sample would make an excellent addition to provide depth for the #AZCardinals 

Veteran tight end Drew Sample works‚Ä¶ https://t.co/LBEtIOzliL"
53,K1Future,"‚ÄúBidwill also has his tentacles on the digital content team. Per a source, a newly-unveiled Arizona Cardinals Insid‚Ä¶ https://t.co/ZEbRA3nR0P"
54,PostSports,"Three months after he was fired by the Arizona Cardinals, Kliff Kingsbury is back in the college ranks as a senior‚Ä¶ https://t.co/W84Dc0ance"
55,TeamWorkOnline,Ticket Services Representative - @AZCardinals (Glendale ¬∑ AZ) https://t.co/nQraQe7MwC
56,TheOriginalOwe1,New Arizona cardinals jerseys leakedüî•üî•üî• https://t.co/HgHFflOp4A
57,KSzn2021,"The Arizona Cardinals will be meeting with Syracuse CB, Garrett Williams."
58,RaisingZona,"What if the #AZCardinals went offense?

Mock Draft 8.0: Arizona Cardinals trade down, roll with receiver https://t.co/ZWSeWjYyMh"
59,walterjames_6,"@AntiTrump_Jan6 @kslsports @MLB The Minnesota Vikings, Colorado Rockies, New York Giants/Jets, Minnesota Timberwolv‚Ä¶ https://t.co/l9gh9gqYui"
60,CardinalsViews,"Under new leadership, Arizona Cardinals explore options with third pick in the 2023 NFL Draft #ArizonaCardinals‚Ä¶ https://t.co/gavAEst4kL"
61,Nck23458386,"@carbo_al The St. Louis (football) Cardinals refused every offer the city gave them before moving to Arizona
Sound familiar with the Rams"
62,WNEPSports,Should Arizona Cardinals Trade Third Pick in 2023 NFL Draft? https://t.co/tiLE41EMKj
63,JohnnyVenerable,"Talking new Arizona Cardinals' uniforms...NOW...JUMP 
IN! https://t.co/NjRQFXRJbI"
64,DaRealConMan,"@DaliRama71 @AZCardinals Personally, I think a Yellow helmet would be too much for Arizona, and the same goes for a‚Ä¶ https://t.co/ohlwPl3u8F"
65,CardinalsViews,Arizona Cardinals shared a cryptic video with a suitcase. Are they teasing new jerseys? #ArizonaCardinals‚Ä¶ https://t.co/QSYI5DITAv
66,ArchCityMedia,The current starting pitching rotation for the Memphis Redbirds includes three St. Louis Cardinals Minor League Pit‚Ä¶ https://t.co/l3ACSW9m8T
67,PHNX_Cardinals,"The Arizona Cardinals are officially getting new uniforms.

When will they make their first appearance? 

What will‚Ä¶ https://t.co/dgUZ8svOQP"
68,BoBrack,"A new team emerges in the DeAndre Hopkins trade conversation. 

Another team that could trade the Arizona Cardinals‚Ä¶ https://t.co/25gSs7z9xb"
69,JohnnyVenerable,"Why are the New York Jets suddenly sniffing around DeAndre Hopkins?

Plus, when will the new uniforms drop for the‚Ä¶ https://t.co/xqqd76BlyK"
70,TonyHiteNFL,Brett Kollmann Talks Arizona Cardinals Draft https://t.co/ToS0nMl2xC via @YouTube
71,jokomo13,"I had a great conversation today with @BrettKollmann about the Arizona Cardinals. Offensive &amp; defensive schemes, dr‚Ä¶ https://t.co/IZr9yVtlgC"
72,TexansEra,"‚ÄúIt certainly seems like the Arizona Cardinals are going to have any of the top players, not playing Quarterback, a‚Ä¶ https://t.co/4XCuadAcxM"
73,tunanocrust_,@washotboyronald Better than the Arizona Cardinals that‚Äôs for sure
74,JohnnyVenerable,"By my count, the Arizona Cardinals have used seven of their top 30 visit opportunities to meet with offensive linemen."
75,KSzn2021,"The Arizona Cardinals have also met with Purdue WR, Charlie Jones today."
76,Cards_Wire,There appears to be lots of interest in moving up to the third overall pick.  https://t.co/yoKL6rhXgq
77,KSzn2021,"The Arizona Cardinals worked out former bengals TE, Drew Sample."
78,miffy941,"@kathleen_writr @IdahoGinsburn Larry Fitzgerald, Arizona Cardinals, took ballet for strength training, coordination‚Ä¶ https://t.co/Uqh3l893pF"
79,TheaKonopelski2,"Happy Feet Mens y Womens NFL Sneaker, MD - W 5 5-7 5, M 4 5-6 5, Arizona Cardinals 4DN22LP

https://t.co/MWJ0Tiap4J"
80,gabetrujillo,Just hurry up and unveil the new jerseys already! https://t.co/YLxdjBYT4U
81,nfl_statsbot,The Arizona Cardinals defense allowed 0% XYAC success probability in 2001.
82,azcsports,Arizona Digest: Cardinals tease arrival of new uniforms https://t.co/cyvwGXE45w
83,gusto_way,Being a Arizona cardinals fan around these cardiac cats ü•±
84,CardinalsViews,Should Arizona Cardinals Trade Third Pick in 2023 NFL Draft? #ArizonaCardinals #Cardinals #AZ #AZCardinals #yahoo https://t.co/6rQqRkoBFn
85,ConnorAllenNFL,.@MoveTheSticks said on his pod with Bucky Brooks that he believes the Arizona Cardinals will trade the third overa‚Ä¶ https://t.co/XZ3FHy6HjK
86,RaisingZona,Ossenfort should just hold onto the pick and make other organizations sweat over it until literally the day of the‚Ä¶ https://t.co/gcUXOZWVrs
87,RoyalsMLBChamps,the fan base that couldn't even fathom losing the super bowl like the Chiefs were the Arizona Cardinals or somethin‚Ä¶ https://t.co/rsvOG10oA7
88,WillyMasterson,"@MLBNetwork @MLB @CoronaUSA DiamondBacks/Cardinals bc, I‚Äôm a Cardinal fan and bc I don‚Äôt get to see teams like Ariz‚Ä¶ https://t.co/fDDf5xKXjy"
89,NormaRicardo10,"Arizona Cardinals Marco Wilson Black Color Rush Game Jersey
https://t.co/osLxOGx1P7"
90,ZenobiaCollin20,"Arizona Cardinals Marco Wilson Sunset Orange City Edition Vapor Limited Jersey
https://t.co/Ge6WKT5ts6"
91,RebeccaMWetzel,"Got prints made from the shows. 
@MODSUN you should feel so proud that you kicked off my Everclear and Linkin Park‚Ä¶ https://t.co/NvTK8tfHe3"
92,Kyle_Odegard,I haven't seen a photo but it wouldn't shock me if the new unis said 'ARIZONA' across the front instead of 'CARDINA‚Ä¶ https://t.co/4ZJbJSJ2NB
93,CRamirezCalif,Good day to reshare my Arizona Cardinals concept from back in 2020. https://t.co/lXgW6gwzUs
94,legosluv,@MLBNetwork @CoronaUSA cardinals vs arizona cause those are two teams with great potential but really different situations
95,WolfandLuke,The Arizona Cardinals began their offseason strength and conditioning program yesterday and @wolf987FM is jacked up‚Ä¶ https://t.co/N6n3lhH2EE
96,lastwordonsport,"Movement in the #NFL Draft could start to take place soon, and one spot that has gained interest is the third overa‚Ä¶ https://t.co/Puo5A8II2X"
97,TuckThompson96,@updatecardinals @JohnnyVenerable @BoBrack @PHNX_Cardinals I would drive to the Coordinates but i live in Utah so i‚Ä¶ https://t.co/eDmJDVdKFU
98,AH98746010,"@BoBrack Wow, a risky move by the Titans but it could pay off big time for them. The Cardinals are getting some ser‚Ä¶ https://t.co/fidEta48Te"
99,PHNX_Cardinals,The Arizona Cardinals are officially teasing new team uniforms. https://t.co/kW2q0yEsQ0
100,jayala_78,@Treyvon98648792 @Budweiser @budweiserusa @Cardinals @Dodgers @Reds @Yankees @Orioles @Twins @Marlins @RaysBaseball‚Ä¶ https://t.co/sTYMnHF41V
101,tyglizzy_30,Cardinals have been doin terrible to start da MLB season
102,unclegully_,@SodoMojoFS Shame Flexen got rocked on Tuesday - the Cardinals need big league pitching.
103,AlphaDogBets,"Pirates/Cardinals? 

You‚Äôre welcome @FootyChancellor 

https://t.co/P8XBGNMGP7"
104,NolaBoyMike,@TheeChey_ Cardinals fan too ü§î
105,JonW99735800,Cardinals Fan Recalls A Hilarious Moment With The¬†Brewers https://t.co/R0MgliXGRA
106,Hombrevender,@darrenrovell @Cardinals we need to be the 7th
107,PirateTakes,"The last series was disappointing but let's remember a few things
1. The Astros are reigning World Champions.
2. Th‚Ä¶ https://t.co/g9w2Qc2pNC"
108,STLPinchHits,Winning STL: Why Joe Buck loves coming home https://t.co/kEiFdhUWGA
109,duncpizzabeast,LET'S GO CARDINALS LET'S GOOOOOO CARDINALS LET'S GO CARDS LET'S GOOOOOO CARDS GOOOOOO CARDINALS GOOOOOO CARDS GO CA‚Ä¶ https://t.co/pRvX0lqGz2
110,Treyvon98648792,@Budweiser @budweiserusa @Cardinals @Dodgers @Reds @Yankees @Orioles @Twins @Marlins @RaysBaseball @Phillies‚Ä¶ https://t.co/M74kdHv1u2
111,pqwnero,"@qllice Uhm ok i need many ground sloths, 1 stingray, chicks, triceratops, therapy dogs, tanukis, 1x snow cat, red‚Ä¶ https://t.co/SrcvMqNnnx"
112,LKK71397,@Stake Cardinals
113,LadymayLLC,"Red Sox +1.5
Orioles ml/ cardinals ml +100
Red Sox rays under 8 +105
Blood flowing https://t.co/NK13FPUcj0"
114,87Prast,@Stake Cardinals
115,Bookie_Murderer,"4/13 MLB Plays‚öæÔ∏èüî•

2U - Rays/Reds/Cardinals MLP +247
3U - Twins ML +125

2 Plays for todays smaller slate, let‚Äôs ca‚Ä¶ https://t.co/TlnBHor3kI"
116,ctbamafan,"Once I find a team, I'm a fan for life. Blessed to watch my teams win lots of titles. Alabama football (10), St. Lo‚Ä¶ https://t.co/uoyRBW8bvo"
117,Capperleaked,"#Extremesportlocks

4 Unit :
MLB
Rays F5 -0.5

2 Unit each :
MLB
Rays -1.5

Parlay : (1 Unit)
Rays -1.5
Athletic +1‚Ä¶ https://t.co/jMoBVkJd7W"
118,LuffyRd5,"Pirates-Cardinals Prediction, Pick, How to Watch
 #PittsburghPirates #St.LouisCardinals
https://t.co/L1pRSd4FqV"
119,Kai07432942,Cardinals Fan Recalls A Hilarious Moment With The¬†Brewers https://t.co/Jy884MWxGa
120,ChrisCapsva,@recliner_report let‚Äôs go Cardinals üî•
121,GumbyHoch,@PFF_Fantasy Matt Forte with a Jets graphic. Absolute blasphemy. Why isn‚Äôt Jamaal Charles in a Denver uniform? Or C‚Ä¶ https://t.co/btS9IqPcDA
122,NFLTradeNews,"NFL Cap Space Update:
  Bears $35.8M
 Panthers $26.5M
 Lions $25.8M
 Packers $21.3M
 Cardinals $20.8M
 Colts $19.9M‚Ä¶ https://t.co/QKuxvfsgyK"
123,blemartylehn,We‚Äôre underway in Kamloops at Best of the West tournament action as the RBI Cobras (Sask) are taking on the St. Alb‚Ä¶ https://t.co/ipgLPLywaI
124,MrTarik540,@540Cass Who cares about the titans. Look how it sets up the cardinals lmao
125,CardinalsCD,Boys Spring Golf (Varsity) Meet Day! - Check out the event preview for the Central Decatur Cardinals. It starts at‚Ä¶ https://t.co/3cbUcm3gyS
126,CardinalsCD,Girls Golf (Varsity) Meet Day! - Check out the event preview for the Central Decatur Cardinals. It starts at 4:00 P‚Ä¶ https://t.co/wlcsVRVmGT
127,duncpizza92,LET'S GOOOOOO CARDINALS LET'S GO CARDINALS GO CARDS GOOOOOO CARDINALS LET'S GOOOOOO CARDS LET'S GO CARDS‚öæÔ∏è https://t.co/SEp8f385Vg
128,baseballcardgem,2011 BOWMAN CHROME PAUL GOLDSCHMIDT AUTO AUTOGRAPH BCP99 RC MVP CARDINALS HOT  #ad #baseballcards  https://t.co/cUvjYTzZte
129,mytorious___,2 years since my cousin been gone &amp; in the past week 2 cardinals came to visit me ü•πü´∂üèº I see you cuz ! Miss you so much down here ‚ù§Ô∏èüôèüèΩ
130,nc_stream,"Washburn vs Beulah Live High School Baseball
Stream at : https://t.co/ROKT64PHQj
Full Game - High School Sports
Car‚Ä¶ https://t.co/lJ1a6Zy5SG"
131,BobbyKush69,@JayCuda Hard to believe @Cardinals can‚Äôt afford to raise payroll
132,cqrr179,@Stake cardinals
133,GOATDIMESS,"Line has moved a lil so I‚Äôm giving it out now

Cardinals -1.5 üîí"
134,tim_peter,@Stake cardinals
135,joshjacoMLB,"3 ways Nolan Gorman emerging as the Cardinals' third bat transforms their lineup #stlcards 

 https://t.co/mbfesVd9sv"
136,WalterWht_,"@Stake St Louis Cardinals ü´°
@Stake : wvzix
Level 2 verified ‚úÖ"
137,burst_sports,"MLB Picks for today:
Tampa Bay Rays RL -115
Cincinnati Reds ML -135
New York Yankees ML -145
St. Louis Cardinals RL -120
#GamblingTwitter"
138,BigTDawg02,"@OhHiMikeNice15 @DiaInvestments Anything is possible when you lie!!! ü§£ü§£

Claiming 11-5 yesterday when your leaked p‚Ä¶ https://t.co/KIV3B8XwN6"
139,RamseySportsATS,"Phillies F5 +0.5
Twins ML
Orioles/Cardinals ML Parlay

""You told me not to get into the game, why'd you let me do i‚Ä¶ https://t.co/reqt7flHXj"
140,MSNSports,Cardinals rookie Jordan Walker extends career-opening hit streak to 12 games https://t.co/Z9rHtHaUWf
141,hitmogi,@Stake Cardinals
142,TheDestinAdams,"My guess for how the top of the draft would go if the #NFLDraft were today: 

1. Young #Panthers
2. Anderson‚Ä¶ https://t.co/gSBeFijQbB"
143,dapakistantimes,"MLB Panic Meter: Should Phillies, Cardinals Worry About Two Bad Weeks?; Rays cause trouble for¬†Yankees https://t.co/5R5fnFNGkm"
144,TheReal_KDubb,MMQB: Jets 'Conditionally' Have Interest in DeAndre Hopkins Trade with Cardinals https://t.co/mLpeW7ScSp #sports #feedly
145,CedricMussi,@MarinoNFL Cardinals aren't passing on Will Anderson
146,StevePa63006282,@MiLB @memphisredbirds @Cardinals This kid is electric ! He keeps hitting like this it might force the Cardinals hand
147,ARhusmana,"St. Charles Vs Pickerington North | HS Baseball
üñ• Live On üì∫ https://t.co/bxT2vtBC6f
St. Charles Cardinals @ Pickeri‚Ä¶ https://t.co/cAbDkHSpJC"
148,Pickle_11_,"This is an amazing opportunity to support Louisville softball! Get a customized shirt with the link below‚¨áÔ∏è
https://t.co/P9mQfTJeHz"
149,AramLeighton8,"Matthew Liberatore did that thing where he shoves again last night.

7 IP, 3 H, 2 ER, 3 BB, 10 K

Fastball sat 95-9‚Ä¶ https://t.co/q6xgbUvAGb"
150,rotsito74,@Stake St. Louis Cardinals
151,Funn_1X,@Stake Cardinals
152,BoredBaseballLg,"6. On April 13, 1954, Hank Aaron hit his first career home run, in a game against the St. Louis Cardinals."
153,overtime_amm,"New Overtime Arbitrum AMM position bought
St. Louis Cardinals - Pittsburgh Pirates
Amount: 21.15
Paid: 11.878 sUSD‚Ä¶ https://t.co/HBM9rffOW1"
154,CubbySteph,@wisdom_dan @MondayHeinz @wcontreras40 He‚Äôs not a delusional Cardinals fan he‚Äôs actually my friend and I was just b‚Ä¶ https://t.co/pCMgovSbaQ
155,PPRFantasyTips,I REALLY want to fast forward to the moment where we know 100% where DeAndre Hopkins will be playing football for 2‚Ä¶ https://t.co/ea9DINAkqk
156,ScienceMelz,"Going to my first @Cardinals game of the season tonight w the besties ü§©ü§©ü§©
#LetsGoCardinals #ChirpChirp https://t.co/bKluXUmAaK"
157,nothingbutcard,2019 Panini Origins Kyler Murray Rookie RC On Card AUTO /99 ARIZONA CARDINALS  #thehobby #ad  https://t.co/So3GRaT5Qv
158,horsecocklocks,"April 13th
(MLB)
15uüê≥
Orioles ML, Cardinals ML (-105)

6u
Orioles -1.5
Orioles first 5 -.5
Twins Yankees under 8.5‚Ä¶ https://t.co/AIcWKHkslG"
159,stoneschloss,Cardinals move back and draft Bijan they get an A+
160,yorumsq,@Stake Cardinals ‚úÖ‚úÖ‚úÖ
161,dgoold,From ‚Å¶@TheDanGuerrero‚Å© on Masyn Winn ‚Ä¶ #stlcards #stlminors  https://t.co/Sgnt9OBHi9
162,ZoroLitt,"Pirates-Cardinals Prediction, Pick, How to Watch
 #PittsburghPirates #St.LouisCardinals
https://t.co/cKhOKYd4Ml"
163,WJBC,"Coming today (Thursday) on the Afternoon Show: 

5:00 p.m.: Christina Whitlock, the first woman to serve as a coach‚Ä¶ https://t.co/8F54ASLML9"
164,LucyDWigglebutt,Check out this listing I just added to my #Poshmark closet: Croft &amp; Barrow Ivory Christmas Zip Cardigan Sweater Red‚Ä¶ https://t.co/bmAeTEMrow
165,dgoold,From ‚Å¶@gordoszone‚Å© on Jordan Walker. #stlcards  https://t.co/2ZZtoHxjSa
166,MLBonSP,"MLB panic meter: Should Phillies, Cardinals be worried about two bad weeks?; Rays causing problem for Yankees https://t.co/twv9TdJfQG"
167,Clarinda_Cards,Boys Track &amp; Field (Varsity) Meet Day! - Check out the event preview for the Clarinda Cardinals. It starts at 4:00‚Ä¶ https://t.co/k8xVDAt2Ks
168,TreynorNation,Boys Track &amp; Field (Varsity) Meet Day! - Check out the event preview for the Treynor Cardinals. It starts at 4:00 P‚Ä¶ https://t.co/FvbbIydeoE
169,SportsLover1972,@MLBNetwork @Cardinals @markdero7 @LaurenShehadi @AlLeiter22 He‚Äôs the anti-Ozuna
170,SColemanLU,"@RealSTLChatter Same with the Bowtie Bar at Busch. The Cardinals aren't extending beer sales, but they don't mentio‚Ä¶ https://t.co/KIW7ayLdKK"
171,PicksbyRSP,"#MLB 

üí•+130üí•Parlay 

‚óã Cardinals ML 
‚óã Yankees ML 

#GamblingTwitter #sportsbetting #betting #bet #bettingtips‚Ä¶ https://t.co/omyjnMwQSL"
172,UIWTitleIX,Hey cardinals! check us out in Westgate circle from 12-3pm today for a fun painting activity to help support &amp; empo‚Ä¶ https://t.co/uD5IRBJVoG
173,AdhoniSusanto,@Stake Cardinals
174,Yeo_Baseball,"‚öæÔ∏èùêÜùêÄùêåùêÑùêÉùêÄùêò‚öæÔ∏è

üÜö Otterbein Cardinals
üìçFishbaugh Field, Westerville, OH
üïì 4:00PM

üì∫ üìä https://t.co/giRGo4PGH0

#GoYeo https://t.co/RCfgGoyqs7"
175,RopatisLegs,@SLCBASS The jersey logo is perfection. I‚Äôd change the hat logo to avoid cardinals confusion.
176,CowboyAroz,@SterileKyle @BlueJays Pretty sure we swept the Cardinals last year üò≠üòÇ
177,OTLSPORTS,"Phillies @ Reds -128 9
Pirates @ Cardinals -250 8.5
Brewers @ Padres -145
A‚Äôs @ Orioles -230 10
Red Sox @ Rays -230‚Ä¶ https://t.co/53nhs0nHrB"
178,SterileKyle,@CowboyAroz @BlueJays Play the Cardinals and Angels back to back to start the season and then we'll talk.
179,Jagneto11,"@The_Ryan_Shull @Cardinals Brewers will hang tough for 120 games or so, then fade. Cardinals for the past several y‚Ä¶ https://t.co/TrnSj1Knfv"
180,PaulTBackes,"Who will win today? The Pittsburgh @Pirates or the St. Louis @Cardinals? 

#LetsGoBucs #STLCards"
181,DavisonMade,"We have a ton of Cardinals in action today! Good luck to all. Fresh Baseball home vs Dow, Varsity hosts Mt Pleasant‚Ä¶ https://t.co/relL9cZYyk"
182,TripleDeees,"@Stake Cardinals for sure,

Stake - DoubleDees
verified level 2 ‚úÖ‚úÖ"
183,BenScottStevens,"Here‚Äôs what we know:

The Arizona Cardinals currently hold the No. 3 pick in the 2023 NFL Draft.

Anthony Richardso‚Ä¶ https://t.co/Fk9fDVPYQz"
184,CSmithScout,Hillsboro (TN) Linebacker picks up a new offer from #BallSt ....................................#Cardinals #MAC‚Ä¶ https://t.co/30YoYIUWb3
185,nflrums,"NFL Cap Space Update:
  Bears $35.8M
 Panthers $26.5M
 Lions $25.8M
 Packers $21.3M
 Cardinals $20.8M
 Colts $19.9M‚Ä¶ https://t.co/vSx1AmvAEE"
186,BallStateMBB,"Ball State adds Jalin Anderson, @davion5_, and @ethan_watts13 to the 2023 class. 

#ChirpChirp x #WeFly 
https://t.co/ske7j1vLyU"
187,drewpearce9,Just witnessed two cardinals mating outside of my apartment‚Ä¶ spring is here ü•π
188,brooksHolton,"Dennis Evans has signed with @LouisvilleMBB. 

Kenny Payne on the 7-footer: ""There‚Äôs no limit on the potential of h‚Ä¶ https://t.co/kPDhRAmTXv"
189,CardsHQ_CJ,"Dennis Evans is ""an elite defensive player with unbelievable skill. It‚Äôs going to be a joy to watch him grow and be‚Ä¶ https://t.co/VCKt4VqIef"
190,sports_cj,"Dennis Evans is ""an elite defensive player with unbelievable skill. It‚Äôs going to be a joy to watch him grow and be‚Ä¶ https://t.co/4nML5byrKS"
191,Caden48811764,@joocerbw Still anti Cardinals ü§∑‚Äç‚ôÇÔ∏è
192,cweb,MLB News: Cardinals attempt to continue rebound vs. Pirates - https://t.co/rFqF9wK2zK https://t.co/HYClW2lLOS
193,jokomo13,@cory_cards Thank you! It was great to hear his thoughts on the Cardinals!
194,BrianCornell16,OH the WOES of the Pittsburgh Pirates heading into a 4 game series against the St Louis Cardinals. They have not fa‚Ä¶ https://t.co/2hGGptabjb
195,MLBananaBall,"MLBB Translations for 4/12/23
MLB Scores in ( )
1 of 2

Astros 4, Pirates 0 (7-0)
Mets 5, Padres 1 (5-2)
Twins 2, W‚Ä¶ https://t.co/BJJsfDxDha"
196,Keltad,@SLCBASS Looks like we're copying the Cardinals color scheme and hat
197,melovestake,"@Stake St. Louis Cardinals

username: agodang
level 2 verified"
198,FisherAthletics,"The Cardinals are celebrating #D3week and throughout the week, student-athletes will share their reasons for choosi‚Ä¶ https://t.co/3xahBFfpRX"
199,Sardar007Khan,"@Stake Cardinals

Stake: Sardarkhan007"
200,MatthewOwlett,@blaiden Kyler Murray will always be too high
201,blakebooming,"Kyler Murray- B+

Regardless of what people say, Kyler Murray has proven he is a very good QB when he's on his game‚Ä¶ https://t.co/wgZPqVPvaN"
202,nothingbutcard,2019 Panini Origins Kyler Murray Rookie RC On Card AUTO /99 ARIZONA CARDINALS  #thehobby #ad  https://t.co/So3GRaT5Qv
203,feve10,@MichaelDanger19 Kyler Murray in 2018
204,Stulord1,Kyler Murray belongs on here https://t.co/mexEC01Xve
205,CardinalsViews,"Red Sea Report - Kyler Murray Ready For Opener, DeAndre Hopkins Extended #CardinalsPodcast #CardinalsFootball‚Ä¶ https://t.co/A2DlDfXSup"
206,RedDevilDawg1,@kiickit25 Now he's gonna look like Kyler Murray out there
207,RasVegas3,"@Bickley_Marotta Sounds like dueling Gambos!  (...ready, go)
Booker - Gaston Beauty and the Beast
KD - Beast from B‚Ä¶ https://t.co/32FOO3Enny"
208,xcloakedx,"@Bickley_Marotta Devin Booker - Hercules as an adult. Will always deliver. So consistent.

Kevin Durant - the genie‚Ä¶ https://t.co/hjPsJOca18"
209,EleanoreBarney7,"Look: Sean Payton's Opinion On Kyler Murray Is Going Viral
https://t.co/iSWglyw7Ab"
210,Tank_Mason,"@Bickley_Marotta Booker-Hercules 
Kevin Durant - Maui (stole that from someone and that‚Äôs great)
Deandre Ayton  Ola‚Ä¶ https://t.co/7o1zG6WgtQ"
211,NGL_Brandon,@uSTADIUM Kyler Murray
212,sickpodkelly,"üö®New Episodeüö®

@DonnieDruin joins @KellyInPhoenix to discuss whether the #Cardinals should let Kyler Murray heal fo‚Ä¶ https://t.co/STbReYvG1e"
213,DrakeYorn,@TheRealSurtsey Kyler Murray
214,DickSancho,"@finebaum Oklahoma
Most athletic all around - kyler Murray
Most accomplished/dominant - Maggie Nichols"
215,D77x___,@TheRealSurtsey It will be Kyler Murray
216,vegas_davis_,"@NFL_DovKleiman @JFowlerESPN Bryce young potential to me could be a younger aaron rodgers. Somewhat mobile, great p‚Ä¶ https://t.co/rvUXbQD1d0"
217,1Trent35,Smart kyler Murray? https://t.co/D9G3TGjUlr
218,cbacher44,"@Bickley_Marotta Booker - Pluto (talent but doesn't say much)
Durant - Mandalorian (it is the way)
Aayton- Gypsy Mo‚Ä¶ https://t.co/qtPGCBRK8n"
219,Killzzzalt,@TheRealSurtsey Kyler Murray
220,P2WFantasy,"Marquise Brown -  WR34

Weeks 1-6 he was the WR5 (PPR) ovr avg 18.3 fantasy PPG. Weeks 3-4-5 he scored over 20 fant‚Ä¶ https://t.co/S1q8RuXcvR"
221,guacamoto,"@freelancegoon2 @TheEntertainah @art_stapleton Now you're just being ignorant. If we redrafted today, all these pla‚Ä¶ https://t.co/TlaLtJ5DEb"
222,iceeman54,@TheRealSurtsey Kyler Murray
223,QB_Eagles1990,"Random - I really wish we had confirmed 40 times for: 
Lamar Jackson
Kyler Murray
Joe Burrow
Trevor Lawrence
Trey L‚Ä¶ https://t.co/6J8gl1tAOx"
224,Matt2517,@_Quise10 What is the NFLs sudden obsession with little people being QB?  I mean it hasn‚Äôt exactly worked well with Kyler Murray
225,GrayCorpse,"@Bickley_Marotta Devin Booker -  POWERLINE
Kevin Durant -  Basil of Baker Street
Deandre Ayton -  Dopey
Kyler Murra‚Ä¶ https://t.co/XzKXHSsq84"
226,Oluinldn,@MylesASimmons Kyler Murray deal is average for a qb. Lamar could get that deal today if he wanted. That‚Äôs not what‚Ä¶ https://t.co/AjgglytiLB
227,StrangersAstory,"@Bickley_Marotta Devin Booker - Powerline

Kevin Durant - Dodger (the lead dog from Oliver and Company)

Deandre Ay‚Ä¶ https://t.co/9VHPdSAg5s"
228,road_abbeys,@andyholloway Cards should keep number three pick and take best QB available. Start him next year with Murray out.‚Ä¶ https://t.co/IOImdYTa5J
229,GriffinBusaWX,@twomad @elonmusk Kyler Murray comeback season https://t.co/6a3So91k7U
230,WilliamFD1985,"@PFF Kyler Murray, Marvin Harrison Jr, Chris Olave, Garrett Wilson and Jahmyr Gibbs would be unstoppable."
231,MylesASimmons,"@Oluinldn My brother in Christ, if Kyler Murray got a 2nd contract before his 4th season, Lamar Jackson also would‚Äô‚Ä¶ https://t.co/ry7JDRifnz"
232,SD312chicago,"That‚Äôs a cool, minimalistic house you got there Kyler Murray. https://t.co/F5ENLyu2Vb"
233,GregoryLKellogg,@KarramXander @MatthewGross13 @TylerFFCreator In what way does PPG differ from Standard for 99% of QBs?  By using P‚Ä¶ https://t.co/UjIP95vhBV
234,TallGuy_17,"@Bickley_Marotta Devin Booker - Flynn Rider

Kevin Durant - Dr. Facilier

Deandre Ayton - Bing Bong

Kyler Murray -‚Ä¶ https://t.co/GFl3lmiLnY"
235,chad9smith,"@Bickley_Marotta Devin Booker - Luke Skywalker

Kevin Durant - Jafar

Deandre Ayton - Kronk

Kyler Murray - Rocket‚Ä¶ https://t.co/DkV7bxRrwP"
236,bzona66,@Bickley_Marotta Don't know about everyone else but Kyler Murray is definitely Grumpy.
237,RonsWorld23,@Glendale9669 Kyler Murray deserves to be way lower
238,alex_havig,"@Bickley_Marotta Devin Booker - Flynn Ryder (loved by us, hated by most)

Kevin Durant - Robin Hood (takes from the‚Ä¶ https://t.co/BbnfRpO8BW"
239,TheOwl_NFL,"@NFL_DovKleiman Height / Weight Comparisons. 
Bryce Young:
5‚Äô10, 204 lbs (playing weight is 190)

Kyler Murray:
5‚Äô1‚Ä¶ https://t.co/KNIDaxNtjl"
240,cade_hinson,@Saint_Andrew32 I don‚Äôt think so. I think he can be a lot more successful than Kyler Murray. Baker Mayfield did get‚Ä¶ https://t.co/qVYtIe23zx
241,sarahtops316,"@Bickley_Marotta Devin Booker - TJ Detweiler  (recess) 

KD- Jack Skellington  (Nightmare Before Xmas) 

Deandre Ay‚Ä¶ https://t.co/l0ITbL8x3b"
242,ChrisSimeon15,"@PanthersDen4MR I mean I think the concern has a lot to do with how banged up Tua and Kyler Murray have been, both‚Ä¶ https://t.co/CqCL34F6xC"
243,LanceTHESPOKEN,"Patrick Mahomes
Joe Burrow
Jalen Hurts
Josh Allen
Trevor Lawrence
Justin Herbert
Matt Stafford
Lamar Jackson
Aaron‚Ä¶ https://t.co/ToJABGzNWn"
244,Bickley_Marotta,"What Disney character is most like each of these Valley sports figures?

Devin Booker -

Kevin Durant -

Deandre Ay‚Ä¶ https://t.co/FrS6nSVWnK"
245,Jjwhitener419Jj,"@es3_09 Burrow
Watson
Mahomes
Hurts (unfortunately)
Allen
Trevor Lawrence
Stafford
Kyler Murray
Aaron Rodgers 
All‚Ä¶ https://t.co/9ye7XncTbT"
246,MKPoetLaureate,"@richeisen @RichEisenShow Congratulations on the Sports Emmy Nominations. üëè 

My gift* : a new collective term for‚Ä¶ https://t.co/tQvfN5c4fv"
247,Cards_Wire,Murray has multiple reasons to be in the building for voluntary workouts this offseason.  https://t.co/jCZGlIpapz
248,Walk_FF,@maiden_rw @JohnHCrumpler Do you really not know Kyler Murray and Will Levis‚Äô names? https://t.co/tVmPRpnUCV
249,CoachHopper32,@YoungAri_Gold love that texans fans think Mahomes is available at two.  Nah Kyler Murray or Jared Goff are the pla‚Ä¶ https://t.co/Npz6qHs0hw
250,BlueJays_eMLB,"Following OF Kyler Murray‚Äôs AL Batter and Rookie of the Month awards for April, 1B Trevor Gretzky has been named th‚Ä¶ https://t.co/GamjIVGRHG"
251,ITfactor00,@ECG_FB Bryce Young won‚Äôt be a good pocket passer in the NFL but I think he will still have success just because of‚Ä¶ https://t.co/6NIDOdDDyb
252,CollectingAll,‚àÄ Kyler Murray Signed Arizona Cardinals Riddell Speed Mini Helmet | $673.99 | @CardboardEchoes @HiveRetweets‚Ä¶ https://t.co/rWwZSUntdw
253,CozyDamee,@NickVanExit Kyler Murray should be Charmander.
254,AngryCinnamonT,@Chiefs You copied Kyler Murray‚Äôs image.
255,JalenHots,@PFF_Fantasy 1. T law 2. Kyler Murray 3. Mike Glennon
256,CardsNationCP,It's still voluntary but after not being present last year seems like Kyler Murray is out to prove the Internet wro‚Ä¶ https://t.co/3gr5Oop45y
257,Jfurr22,@Jimsher42 @ChillsforReal @PlatinumV_ Cam has forgot more about being a QB than Kyler Murray will ever learn
258,crapforcaleb,@TheDraftWire Slower smaller weaker armed Kyler Murray is exactly what the Panthers need.
259,PapayaCake513,@SayomGD Kyler Murray?
260,cardminer,Kyler Murray 2019 Panini Legacy Auto Autograph Rookie RC PSA 9 CARDINALS SOONERS  #whodoyoucollect #ad  https://t.co/HJLSIQuo1e
261,shittycatDFS,@Bilboswagganz @ADub1220 @xLukenationx PS watching game film (whatever that means) helps me understand that Brock P‚Ä¶ https://t.co/cz3xRW07EM
262,MikeBoy76684555,@HiveCards @LAcarddude Kyler Murray on card auto signed in person. Won this in a break giveaway so don‚Äôt expect muc‚Ä¶ https://t.co/bEGv0xav6K
263,hesjustlikemefr,Can‚Äôt wait to see KD in a new Kyler Murray jersey at state farm stadium.
264,FrostyTalksFB,@ChiefsProd @NFL_DovKleiman He‚Äôs older than Kyler Murray right now. Played in an offense that made things pretty ea‚Ä¶ https://t.co/SDtvgTnSBK
265,vinniecosce,"@NerfHerderIT I agree, before that draft their argument against Manziel was that he was too short to be an NFL QB.‚Ä¶ https://t.co/bcLcJyUR2x"
266,fuckparlayz,@NFL Damn Kyler Murray was a 1st overall pick ?
267,BananaB89256312,@_Kinimaka_ @J_Vang1 @NFL Ok cool. So since baker Mayfield has more playoff wins than kyler Murray that makes him b‚Ä¶ https://t.co/mHYZe6lYSG
268,SpenceJustRelax,As a Stroud guy it kinda hurts knowing that we won't get him BUT that boy Bryce Young is a fool wit it so I aint th‚Ä¶ https://t.co/rSRLi4iqK0
269,shittycatDFS,@Bilboswagganz @ADub1220 @xLukenationx Also that study clause was removed from his contract and was for 4 hours for‚Ä¶ https://t.co/pKqc5JAcQS
270,ECUJoshua,"@MrCopinion @1PantherPlace I keep seeing him listed at 205, there's no way he'll be playing at that weight. And the‚Ä¶ https://t.co/00ijUrcZ3S"
271,SICscore,"On this week's podcast, @ProFootballDoc shared analysis on Kyler Murray's (@K1) ACL recovery given recent video of‚Ä¶ https://t.co/9yOUbGbYwg"
272,badtake_sports,@RaisingZona This is funny. You changed your tune on Kyler Murray because you were being criticized for being a ‚Äúha‚Ä¶ https://t.co/gtEugUh5zK
273,PGoodieTX,@AdamLan85313800 @danorlovsky7 @DNewtonespn Yeah... tell me about all the all-time great QB's &lt; 6' tall... I'll han‚Ä¶ https://t.co/i881uqtwao
274,Ritzggins44,"@BlazenMusic20 @UpAndAdamsShow @heykayadams @MattHamilton25 Or#3,
if the Cardinals traded out of it or if they can‚Ä¶ https://t.co/8eP73sIy0N"
275,_KTS_,Cuz y‚Äôall gobbling on Bryce‚Äôs meat for no reason lol that mf is Kyler Murray and Tim Tebows lovechild https://t.co/JXiLon58c6
276,Red___Rum,@AZCardinals You're all wrong. It's Kyler Murray's release papers.
277,shittycatDFS,@ADub1220 @Bilboswagganz @xLukenationx If you or them genuinely believe Purdy is better than Kyler Murray then pls‚Ä¶ https://t.co/GLIh8sKd0a
278,WilliamFD1985,@TheDarkShaman @Kyle_Odegard And last I heard theyre very high on DTR as a backup QB2 to Kyler Murray. DTR is flyin‚Ä¶ https://t.co/sImCalJpMx
279,isaacs_law,"@ZavenCollins Zaven I'll give you a stick of gum, and my Kyler Murray rookie card, for insight info on the uniforms."
280,PaulVarnell93,"@LateKickJosh Nick Saban has coached 4 of the last 14 Heisman winners to be fair. 

None of either of those two coa‚Ä¶ https://t.co/ZHw2YsTS2f"
281,SoonerBeerSnob,"@RedDirtSport Hard to say,
I got to see several AD games, and one really good game from Kyler Murray. That man is e‚Ä¶ https://t.co/x57q3HUqUt"
282,PaulKNepo,Snells NFL equivalent is Kyler Murray üôÉ
283,drext727,"@TheRealCoach_JB 
Trae Young is the NBA version of Kyler Murray"
284,GigantorinJax,"@BoBrack @fashion_nfl Judging by the size of the box, I would guess that they have Kyler Murray in there."
285,YouknowMeMan1,@BoBrack Kyler Murray first aid kit he'll need with the garbage o-line they brought in
286,GregoryLKellogg,"@DynastyDorks Using the 2022 Rookie ADP chart and assigning the 2.06 pick for comparison the trade looks like:

Saq‚Ä¶ https://t.co/vVTeQxFde4"
287,Neirolg_,@oQuarterback Kyler Murray no fortnite
288,itsbostoncream,"There is a belief that Mac Jones only needs to be a top 15 QB for the Patriots to be good. 

It sounds good to say‚Ä¶ https://t.co/wuPckfV1NV"
289,Cactus_Jacc,@PHNX_Cardinals They got the Black ops music so Kyler Murray will show interest
290,jamaladams333,@39NYJ @BuffaloJetFan @NewEraNYJets You‚Äôre on crack D-Hop is a top 10 WR in the NFL.  He only got to play 3 games t‚Ä¶ https://t.co/V5QlgBk1dJ
291,scfan38,@Bigspank803 @avl_mike Young is better than Kyler Murray
292,thomasreece,@tomandjerry223 @Packermomo17 This QB here is about to get coached by the guy that broke Kyler Murray and failed wi‚Ä¶ https://t.co/sJtiswNAQe
293,PFGMRx,I can envision the Arizona Cardinals drafting Dorian Thompson-Robinson as an insurance policy for Kyler Murray.   G‚Ä¶ https://t.co/BkOvrAfDUb
294,isiahlimoball,"QB HMs: Kyler Murray, Caleb Williams"
295,HilowFF,"Update: Bad QBs miss their pass-catchers

‚Ä¶..

also interesting that Kyler Murray ranked sixth in on-target throw r‚Ä¶ https://t.co/BJ87oDmtmd"
296,RossTuckerNFL,"Two best ways to get paid these days:

-Have a star QB make it clear they want you (Lazard, OBJ)

-Unfollow your te‚Ä¶ https://t.co/TxXoO7ILKP"
297,PunishedGramsci,"@dirtbagqueer He's barely 5'10"" now yes there's exceptions to every rule but as a generality ""shortest and skinnies‚Ä¶ https://t.co/OQxQmpBMo0"
298,Michael_Fabiano,"Fantasy Dirt is next on @SiriusXMFantasy! @lindsay_rhodes is back! We'll talk Saquon Barkley, the Aaron Rodgers tra‚Ä¶ https://t.co/lDq0dtbvxN"
299,TyyyJets,Kyler Murray top 5 btw. Stop disrespecting him.
